{"4": {"4.4": {"training_data": 72675, "testing_data": 24225, "sensitivity": 1.0, "specificity": 0.9996708902418957, "precision": 0.9998898071625344, "accuracy": 0.9999174406604747}, "4.1": {"testing_data": 24225, "sensitivity": 1.0, "precision": 0.9999441090990386, "training_data": 72675, "specificity": 0.9998421218819071, "accuracy": 0.9999587203302374}, "4.3": {"testing_data": 24225, "sensitivity": 1.0, "precision": 1.0, "training_data": 72675, "specificity": 1.0, "accuracy": 1.0}, "4.2": {"testing_data": 24225, "sensitivity": 1.0, "precision": 0.9999441278355123, "training_data": 72675, "specificity": 0.9998419721871049, "accuracy": 0.9999587203302374}}}