{"4": {"4.4": {"training_data": 72675, "testing_data": 24225, "sensitivity": 0.7813034141210501, "specificity": 0.9339488636363636, "precision": 0.9948102678571429, "accuracy": 0.7901754385964912}, "4.1": {"testing_data": 24225, "sensitivity": 0.781321084864392, "precision": 0.9943770181494266, "training_data": 72675, "specificity": 0.926007326007326, "accuracy": 0.7894736842105263}, "4.3": {"testing_data": 24225, "sensitivity": 0.786349888221628, "precision": 0.9933551137936762, "training_data": 72675, "specificity": 0.9150141643059491, "accuracy": 0.7938493292053663}, "4.2": {"testing_data": 24225, "sensitivity": 0.7863303997548053, "precision": 0.9944625948280635, "training_data": 72675, "specificity": 0.9278499278499278, "accuracy": 0.7944272445820434}}}